index,true_label,matched_score,resume_snippet,classify_zeroshot,classify_fewshot,entity_zeroshot,entity_cot,summary_zeroshot,summary_role,true_domain,pred_domain_zs,pred_domain_fs,correct_zs,correct_fs
0,AI Engineer,0.816666667,"A curiosity-driven data scientist, eager to leverage machine learning and data analytics to extract meaningful insights,",Data & AI,Data & AI,"{""skills"": [""machine learning"", ""data analytics""], ""years_experience"": ""unknown"", ""education_level"": ""degree""}","{""skills"": [""machine learning"", ""data analytics""], ""years_experience"": ""unknown or N/A"", ""education_level"": ""unknown or degree""}","The AI Engineer candidate's unique blend of curiosity-driven data science background, machine learning expertise, and passion for lifelong learning makes them an ideal fit for this role.","The candidate appears suitable for the AI Engineer role due to their technical background as a data scientist, but may require additional training or guidance on specific industry-standard frameworks and tools to fill the gap in their overall technical expertise.",Data & AI,Data & AI,Data & AI,1,1
1,AI Engineer,0.783333333,I recently graduated with a B.Tech degree in IT and currently am looking for jobs in sectors related to machine learning,Data & AI,Data & AI,"{""skills"": [""machine learning""], ""years_experience"": ""unknown"", ""education_level"": ""B.Tech degree""}","{""skills"": [""machine learning"", ""coding""], ""years_experience"": ""0 years or unknown"", ""education_level"": ""B.Tech""}","This candidate, having recently graduated with a strong foundation in IT and a keen interest in machine learning, appears to have the potential to make a valuable contribution to an AI engineering role as they seek to apply their new skills and knowledge in a practical setting.","This candidate appears suitable for the role, excelling with their commitment to better coding practices but requiring additional experience and specific industry knowledge to bridge the gap between theoretical education and practical application in AI engineering.",Data & AI,Data & AI,Data & AI,1,1
2,AI Engineer,0.683333333,"Fresher with excellent communication, good analyzing, and problem-solving skills. Proficient and well-armed at Debugging",Data & AI,Data & AI,"{""skills"": [""debugging"", ""bug fixing"", ""c programming"", ""oop concepts""], ""years_experience"": ""X years or unknown"", ""education_level"": ""degree or unknown""}","{""skills"": [""Debugging"", ""Bug fixing"", ""C"", ""C++""], ""years_experience"": ""Fresher"", ""education_level"": ""unknown""}","This candidate's strong foundation in C, C++, and object-oriented programming concepts, combined with their analytical and problem-solving skills, suggest they have the potential to excel as an AI Engineer, despite being a fresher, given their excellent communication skills which are also valuable in this role.","This candidate has a strong foundation in programming fundamentals, particularly C and C++, but their lack of experience in AI-specific technologies or complex software development makes them less suitable for the role as an AI Engineer at this stage in their career.",Data & AI,Data & AI,Data & AI,1,1
3,Asst. Manager/ Manger (Administrative),0.65,I am an experienced analytics specialist seeking a full-time position in the field of data science and application in bu,Data & AI,Data & AI,"{""skills"": [""analytics specialist""], ""years_experience"": ""X years"", ""education_level"": ""degree""}","{""skills"": [""analytics"", ""data science""], ""years_experience"": ""unknown"", ""education_level"": ""unknown""}","While this candidate's background in analytics is valuable, they may not be the best fit for the Asst. Manager/Manger (Administrative) role, as their resume highlights a strong passion for data science and application rather than administrative experience or management skills.","I would not recommend this candidate for the Assistant Manager/Administrative role as their background in analytics specialization seems out of alignment with the required administrative experience, despite their strong analytical mindset being a valuable asset in other capacities.",HR & Administration,Data & AI,Data & AI,0,0
4,Asst. Manager/ Manger (Administrative),0.783333333,"A Software Designer Internship with a client-driven corporation leading the field of wireless communication, where outst",Software Engineering,Data & AI,"{""skills"": [""design"", ""implementation"", ""software development""], ""years_experience"": ""1-2 years or unknown"", ""education_level"": ""bachelor's degree or unknown""}","{""skills"": [""wireless communication"", ""team management""], ""years_experience"": ""unknown or internship experience"", ""education_level"": ""unknown""}","Although this candidate's background is in software design, their achievements and skills demonstrate a strong potential fit for an administrative role, particularly one involving project management and organizational expertise.","While the candidate's technical expertise in software design is a significant strength, their lack of direct administrative experience may create a gap in their ability to effectively manage day-to-day office operations, making them a borderline suitable candidate for the role.",HR & Administration,Software Engineering,Data & AI,0,0
5,Asst. Manager/ Manger (Administrative),0.55,I recently graduated with a B.Tech degree in IT and currently am looking for jobs in sectors related to machine learning,Data & AI,Data & AI,"{""skills"": [""machine learning"", ""coding""], ""years_experience"": ""unknown"", ""education_level"": ""B.Tech"" }","{""skills"": [""machine learning"", ""coding""], ""years_experience"": ""unknown years or recent graduate"", ""education_level"": ""B.Tech""}","This candidate does not appear to fit the role of Assistant/Manager (Administrative) as their background is in IT with a B.Tech degree, which doesn't align with the administrative management responsibilities typically associated with this position.","While the candidate's strong technical background and commitment to coding best practices are notable assets, their lack of direct experience in administrative roles or relevant work history raises concerns about their suitability for this position.",HR & Administration,Data & AI,Data & AI,0,0
6,Business Development Executive,0.573333333,"looking for an opportunity as an engineer or related position which offers key participation, team-oriented tasks, immed",Other,Business & Marketing,"{""skills"": [""engineering""], ""years_experience"": ""unknown"", ""education_level"": ""degree""}","{""skills"": [""engineering""], ""years_experience"": ""unknown years"", ""education_level"": ""unknown""}","While this candidate's background is in seeking an engineering role, they lack relevant experience and transferable skills required for a Business Development Executive position, making it challenging for them to be well-suited for the role.","This candidate appears unsuitable for a Business Development Executive role due to their stated preference for an engineering position and lack of relevant experience or skills in business development, marketing, or sales.",Business & Marketing,Other,Business & Marketing,0,1
7,Business Development Executive,0.316666667,"Long term goals , become an intuitive I/E Technician in the pulp and paper industry, teach others with the potential to ",Other,Other,"{""skills"": [""intuitive I/E Technician""], ""years_experience"": ""unknown"", ""education_level"": ""unknown""}","{""skills"": [""pulp and paper industry knowledge"", ""teaching and training skills"", ""leadership skills""], ""years_experience"": ""unknown or less than 5 years"", ""education_level"": ""unknown""}","This candidate does not appear to fit the role of a Business Development Executive, as their long-term goal seems to align more closely with a technical career path in the pulp and paper industry rather than business development.","While the candidate's long-term career aspirations may not align directly with the business development executive role, their enthusiasm for teaching and leadership potential are notable strengths that could be leveraged in this position.",Business & Marketing,Other,Other,0,0
8,Business Development Executive,0.183333333,Would like to join any firm as a software developer in machine learning projects.,Data & AI,Data & AI,"{""skills"": [], ""years_experience"": ""unknown"", ""education_level"": ""unknown""}","{""skills"": [""machine learning""], ""years_experience"": ""unknown or varying experience"", ""education_level"": ""unknown""}","Unfortunately, this candidate's background as a software developer with interests in machine learning doesn't align directly with the requirements of a Business Development Executive role.","This candidate's strong technical background in machine learning is evident, but their lack of direct experience in business development roles and limited understanding of the company's specific industry and needs creates a significant suitability gap.",Business & Marketing,Data & AI,Data & AI,0,0
9,Civil Engineer,0.3466666666666667,To pursue excellence in the dynamic business world by obtaining a placement allowing me to perform in an environment whe,Other,Business & Marketing,"{""skills"": [""environmental management"", ""communication skills""], ""years_experience"": ""0 years or unknown"", ""education_level"": ""degree or unknown""}","{""skills"": [""positive attitude"", ""honesty""], ""years_experience"": ""unknown or very young professional"", ""education_level"": ""unknown""}",This candidate's strong emphasis on personal growth and commitment to excellence in their resume suggests that they would be a strong fit for a role where these qualities are highly valued in a civil engineer position.,"The candidate's strong enthusiasm and eagerness to learn are notable strengths, but their lack of specific technical skills and relevant work experience raise concerns about their ability to immediately take on the demanding role of a Civil Engineer.",Civil & Mechanical Engineering,Other,Business & Marketing,0,0
10,Civil Engineer,0.35,Looking for roles related to application development in Machine Learning.,Data & AI,Data & AI,"{""skills"": [""Machine Learning""], ""years_experience"": ""Unknown"", ""education_level"": ""Degree""}","{
  ""skills"": [
    ""application development"",
    ""Machine Learning""
  ],
  ""years_experience"": ""Unknown (looking for entry-level or junior positions)"",
  ""education_level"": ""Bachelor's degree or higher""
}","This candidate's background in civil engineering does not align with the requirements of an ML-focused application development position, suggesting they may need additional training or experience in software development and data science to be a strong fit for this role.","This candidate's relevant technical skills and experience as a civil engineer may translate well to the field of machine learning, but their complete lack of direct experience or qualifications in this area raises significant concerns about their potential fit for the role.",Civil & Mechanical Engineering,Data & AI,Data & AI,0,0
11,Civil Engineer,0.3,My full name is Kailie Marie Mahea'lani Graciidis. I am an ambitious 20 year old and also a part-time student at Bellevu,Business & Marketing,Other,"{""skills"": [], ""years_experience"": """", ""education_level"": """"}","{""skills"": [""unknown""], ""years_experience"": ""0 years or unknown"", ""education_level"": ""unknown""}","While Kailie has a strong passion for the ocean and entrepreneurial spirit, her current academic background and limited relevant experience make it challenging to determine how well she fits the role of a Civil Engineer at this stage in her career.","I would not consider Kailie Marie for the Civil Engineer role due to her lack of relevant education or experience, despite her enthusiasm and entrepreneurial spirit.",Civil & Mechanical Engineering,Business & Marketing,Other,0,0
12,Data Engineer,0.75,Graduate database management engineer looking to join a role in data analytics or cloud-based machine learning solutions,Data & AI,Data & AI,"{""skills"": [""data analytics"", ""cloud-based machine learning""], ""years_experience"": ""unknown"", ""education_level"": ""graduate""}","{""skills"": [""database management"", ""data analytics"", ""cloud-based machine learning""], ""years_experience"": ""unknown or 0 years"", ""education_level"": ""graduate degree""}","The candidate's background in database management engineering equips them with a strong foundation in data engineering principles, making them a promising fit for a role that leverages their technical expertise in data analytics and cloud-based machine learning solutions.","This candidate appears suitable for the Data Engineer role, bringing strong technical skills as a graduate with a solid understanding of database management and potential adaptability to cloud-based machine learning solutions, but lags behind due to lack of direct experience in industry-specific data analytics or cloud technologies.",Data & AI,Data & AI,Data & AI,1,1
13,Data Engineer,0.34,To obtain a position in the field of civil engineering technician where I can apply and impart the knowledge I have gain,Civil & Mechanical Engineering,Civil & Mechanical Engineering,"{""skills"": [""civil engineering""], ""years_experience"": ""unknown"", ""education_level"": ""degree""}","{""skills"": [""civil engineering"", ""knowledge sharing""], ""years_experience"": ""unknown or various"", ""education_level"": ""college""}","This candidate does not appear to fit the role of a Data Engineer, as their resume highlights experience and interest in civil engineering, rather than data engineering or a related technical field.","I would not consider this candidate for the role of Data Engineer, as their resume does not align with the job description, lacking relevant technical skills and experience in data engineering or a related field.",Data & AI,Civil & Mechanical Engineering,Civil & Mechanical Engineering,0,0
14,Data Engineer,0.55,"Proficient Entry Level Electrical Engineer with excellent technical, analytical and communication skills. Willing to rel",Software Engineering,Civil & Mechanical Engineering,"{""skills"": [""technical skills"", ""analytical skills"", ""communication skills""], ""years_experience"": ""entry level or unknown"", ""education_level"": ""degree or unknown""}","{""skills"": [""electrical engineering"", ""communication skills""], ""years_experience"": ""Entry level experience"", ""education_level"": ""Bachelor's degree""}","This entry-level electrical engineer demonstrates surprising technical aptitude for a data engineering role, suggesting potential adaptability despite lacking traditional data engineering experience or direct background.","This candidate's strong technical background as an electrical engineer could serve them well in a data engineering role, but their lack of direct experience with big data platforms and programming languages may hinder their ability to hit the ground running immediately.",Data & AI,Software Engineering,Civil & Mechanical Engineering,0,0
15,Data Science Engineer,0.65,I am a fresher who is looking to work as a software developer in Machine Learning Application building and deployment. I,Data & AI,Data & AI,"{""skills"": [""machine learning"", ""deep learning""], ""years_experience"": ""X years or unknown"", ""education_level"": ""unknown""}","{""skills"": [""machine learning"", ""deep learning""], ""years_experience"": ""0 years or unknown"", ""education_level"": ""unknown""}","While this candidate has a strong foundation in machine learning and deep learning, their self-described experience as ""a fresher"" suggests that they may not possess the depth of skills or industry experience typically expected for a Data Science Engineer role.","This candidate appears suitable for the role, but their lack of direct experience in data science engineering and deployment of ML models raises concerns about their readiness to hit the ground running as a senior member of the team.",Data & AI,Data & AI,Data & AI,1,1
16,Data Science Engineer,0.716666667,Graduate Looking for roles related to BU analyst and machine learning.,Data & AI,Business & Marketing,"{""skills"": [""machine learning"", ""BU analyst""], ""years_experience"": ""Unknown"", ""education_level"": ""N/A""}","{""skills"": [""Machine Learning"", ""BU Analyst""], ""years_experience"": ""Graduate or unknown"", ""education_level"": ""Bachelor""}","The candidate's background in machine learning and interest in data analysis positions them as a strong contender for a Data Science Engineer role, where they can apply their skills to drive business insights through modeling and algorithmic solutions.","I would evaluate this candidate as moderately suitable, with a strong analytical mind being a notable asset, but lacking direct experience in data science engineering and potential gaps in their understanding of industry-specific technologies.",Data & AI,Data & AI,Business & Marketing,1,0
17,Data Science Engineer,0.296666667,Hard working recent graduate intending a part time or full time job to build experience in a Civil Engineering working e,Civil & Mechanical Engineering,Civil & Mechanical Engineering,"{""skills"": [""Civil Engineering"", ""roadway design"", ""traffic engineering""], ""years_experience"": ""unknown"", ""education_level"": ""degree""}","{""skills"": [""Civil Engineering"", ""roadway design"", ""traffic engineering""], ""years_experience"": ""unknown or recent graduate"", ""education_level"": ""bachelor's degree""}","This candidate brings a unique blend of technical skills, industry knowledge, and practical experience in civil engineering, making them an attractive fit for a Data Science Engineer role, despite being a non-traditional candidate, due to their strong foundation in analytical and problem-solving skills developed through coursework and professional experiences.","Although the candidate's strong technical foundation in Civil Engineering could be valuable, their lack of explicit data science skills and experience in a non-engineering field may create a significant gap in meeting the demands of the Data Science Engineer role.",Data & AI,Civil & Mechanical Engineering,Civil & Mechanical Engineering,0,0
18,Database Administrator (DBA),0.85,"strong willingness to exhibit my proficiency in Analytical tools, Statistics and Computing Methodologies in the professi",Data & AI,Data & AI,"{""skills"": [""Analytical tools"", ""Statistics"", ""Computing Methodologies""], ""years_experience"": ""unknown"", ""education_level"": ""unknown""}","{""skills"": [""Analytical tools"", ""Statistics"", ""Computing Methodologies""], ""years_experience"": ""unknown"", ""education_level"": ""unknown""}","This candidate's strong enthusiasm for showcasing their analytical skills, statistics expertise, and computing methodologies suggests a high potential fit for a role as a Database Administrator (DBA) where these technical competencies are likely to be highly valued.","This candidate appears to be a strong technical fit for the DBA role due to their demonstrated analytical skills, but may require additional training or experience to fully address the more strategic and leadership aspects of the position.",IT Infrastructure,Data & AI,Data & AI,0,0
19,Database Administrator (DBA),0.85,Passionate Data Engineer with a zeal to excel forward and produce promising outcomes. Hands-on knowledge in various Mach,Data & AI,Data & AI,"{""skills"": [""Machine Learning Algorithms"", ""data mining"", ""warehouse maintenance"", ""visualization""], ""years_experience"": ""unknown"", ""education_level"": ""unknown""}","{""skills"": [""Machine Learning Algorithms"", ""data mining"", ""warehouse managing"", ""data visualization""], ""years_experience"": ""1-2 years or unknown"", ""education_level"": ""unknown""}","While the candidate's experience in data engineering and machine learning algorithms may not directly align with traditional DBA duties, their enthusiasm for growth and developing new skills suggests they could be a strong fit for a role that leverages their technical expertise and adaptability to learn new responsibilities.","Although this candidate's diverse technical background may be an asset, their lack of explicit DBA experience and direct relevance to database administration could pose a significant gap in meeting the requirements for this specific role.",IT Infrastructure,Data & AI,Data & AI,0,0
20,Database Administrator (DBA),0.85,"I am a software engineer, and I want to work on full time roles associated with Machine Learning. I have previously work",Data & AI,Data & AI,"{""skills"": [""Machine Learning""], ""years_experience"": ""Unknown"", ""education_level"": ""Unknown""}","{""skills"": [""software engineer"", ""Machine Learning""], ""years_experience"": ""1 year or unknown"", ""education_level"": ""unknown""}","While lacking direct experience as a Database Administrator (DBA), this candidate's background in software engineering and interest in exploring database management through machine learning applications suggests potential growth into the DBA role, particularly with corporate models.","The candidate is suitable for the Database Administrator role as they possess relevant technical expertise in software engineering, but their shift from a traditional full-time role to a part-time or full-time opportunity may pose an uncertainty gap regarding their commitment and dedication to the position.",IT Infrastructure,Data & AI,Data & AI,0,0
21,DevOps Engineer,0.65,"Long term goals , become an intuitive I/E Technician in the pulp and paper industry, teach others with the potential to ",Other,Business & Marketing,"{""skills"": [""I/E Technician""], ""years_experience"": ""unknown"", ""education_level"": ""degree""}","{""skills"": [""I/E Technician""], ""years_experience"": ""unknown or less than 1 year"", ""education_level"": ""unknown""}","This DevOps Engineer candidate's long-term career aspirations, although focused on the pulp and paper industry, suggest a strong desire for continuous learning and growth that could translate well to a dynamic tech environment like DevOps, making them a potentially strong fit for this role.","I would evaluate this candidate as partially suitable for the DevOps Engineer role due to their strong passion for teaching and leadership skills, but they lack direct experience or relevant certifications in software development, IT operations, or DevOps specifically.",IT Infrastructure,Other,Business & Marketing,0,0
22,DevOps Engineer,0.633333333,To obtain a position in the field of civil engineering technician where I can apply and impart the knowledge I have gain,Civil & Mechanical Engineering,Civil & Mechanical Engineering,"{""skills"": [""unknown""], ""years_experience"": ""X years or unknown"", ""education_level"": ""degree or unknown""}","{""skills"": [""civil engineering"", ""experience"", ""college""], ""years_experience"": ""unknown"", ""education_level"": ""college""}","Unfortunately, this candidate is not a good fit for the DevOps Engineer role, as their expressed interest in civil engineering technicians and desire to gain experience in that field indicates little relevance or aptitude for software development and operations expertise typically required in a DevOps engineer position.","I would not recommend this candidate for the DevOps Engineer role due to their lack of relevant experience and unalignment with the job requirements, despite some potential for transferable skills from their civil engineering background.",IT Infrastructure,Civil & Mechanical Engineering,Civil & Mechanical Engineering,0,0
23,DevOps Engineer,0.5833333333333334,"Financial Accountant specializing in financial planning, reporting and analysis in both private and public sectors. Capa",Business & Marketing,Finance & Audit,"{""skills"": [""accounting software"", ""financial planning"", ""financial reporting"", ""analysis""], ""years_experience"": ""10+ years or unknown"", ""education_level"": ""Bachelor's degree or unknown""}","{""skills"": [""financial planning"", ""reporting"", ""analysis"", ""accounting software""], ""years_experience"": ""7-10 years or unknown"", ""education_level"": ""Bachelor's degree or unknown""}","While the candidate's background is in accounting, they do not possess the technical skills or experience necessary for a DevOps Engineer role, which would require significant education and training in computer science and software engineering to make this fit.","This candidate may not be a strong fit for the DevOps Engineer role due to their extensive background in financial accounting, lacking relevant technical experience and skills that would be required to succeed in this position.",IT Infrastructure,Business & Marketing,Finance & Audit,0,0
24,Executive - VAT,0.65,Hard working recent graduate intending a part time or full time job to build experience in a Civil Engineering working e,Civil & Mechanical Engineering,Civil & Mechanical Engineering,"{""skills"": [""Civil Engineering"", ""Roadway Design"", ""Traffic Engineering""], ""years_experience"": ""Recent Graduate or 0 years"", ""education_level"": ""Bachelor's degree""}","{""skills"": [""civil engineering"", ""roadway design"", ""traffic engineering""], ""years_experience"": ""0 years or unknown"", ""education_level"": ""Bachelor""}}","This recent graduate's strong background in civil engineering, particularly in roadway design and traffic engineering, makes them an ideal fit for the Executive - VAT role, as they can leverage their existing skills to support VAT-related tasks and contribute to the company's success.","The candidate appears suitable for the role of Executive - VAT, with their civil engineering background and office/family experience being a significant strength, but also highlights a notable gap in lack of direct VAT expertise and industry-specific experience, which would require additional training or support to overcome.",Finance & Audit,Civil & Mechanical Engineering,Civil & Mechanical Engineering,0,0
25,Executive - VAT,0.466666667,A highly disciplined and hard-working individual seeking challenging opportunity in the field of data science and data a,Data & AI,Data & AI,"{""skills"": [""data science"", ""data analytics""], ""years_experience"": ""X years or unknown"", ""education_level"": ""unknown""}","{""skills"": [""data science"", ""data analytics""], ""years_experience"": ""unknown"", ""education_level"": ""unknown""}","This candidate's background and skills, although focused on data science and analytics, may not be directly relevant to an Executive - VAT role, suggesting a mismatch in job title and resume objective.","Although the candidate's profile doesn't directly align with the Executive - VAT role, their exceptional analytical skills suggest they may be a strong fit for a data-driven industry, but a significant gap in relevant experience in VAT regulations raises concerns about their ability to hit the ground running in this specific position.",Finance & Audit,Data & AI,Data & AI,0,0
26,Executive - VAT,0.716666667,"strong willingness to exhibit my proficiency in Analytical tools, Statistics and Computing Methodologies in the professi",Data & AI,Data & AI,"{""skills"": [""Analytical tools"", ""Statistics"", ""Computing Methodologies""], ""years_experience"": ""Unknown"", ""education_level"": ""Unknown""}","{""skills"": [""Analytical tools"", ""Statistics"", ""Computing Methodologies""], ""years_experience"": ""unknown or unknown"", ""education_level"": ""unknown""}","This candidate's strong background in analytical tools, statistics, and computing methodologies aligns well with the requirements of an Executive - VAT role, suggesting they have a solid foundation to excel in this position.","The candidate's strong willingness to leverage analytical skills may make them a suitable fit for the role of Executive - VAT, but their lack of specific experience or achievements in tax-related areas is a notable gap that requires further clarification.",Finance & Audit,Data & AI,Data & AI,0,0
27,"Executive/ Senior Executive- Trade Marketing, Hygiene Products",0.85,"To secure an IT specialist, desktop support, network administration, database administrator, technical support specialis",Data & AI,IT Infrastructure,"{""skills"": [""networking"", ""web development"", ""application development"", ""Linux"", ""Microsoft applications"", ""testing"", ""client support"", ""help desk"", ""technical support"", ""troubleshooting""], ""years_experience"": ""unknown"", ""education_level"": ""unknown""}","{""skills"": [""Microsoft certification"", ""networking"", ""Windows"", ""Mac OS"", ""Apple"", ""Android IOS"", ""web development"", ""application development"", ""Linux"", ""Microsoft applications"", ""managing"", ""testing"", ""client support"", ""help desk"", ""technical support"", ""troubleshooting""], ""years_experience"": ""unknown or unknown (implied by job titles)"", ""education_level"": ""unknown""}","Although the candidate's background in IT is a good fit for many technology roles, they lack direct experience in trade marketing or hygiene products industry, making them less competitive for an Executive/Senior Executive- Trade Marketing position.","I would not recommend this candidate for the role of Executive/ Senior Executive- Trade Marketing, Hygiene Products, as their resume highlights a strong technical background that is not relevant to a trade marketing position in hygiene products, despite possessing leadership and communication skills that could be valuable in other areas.",Business & Marketing,Data & AI,IT Infrastructure,0,0
28,"Executive/ Senior Executive- Trade Marketing, Hygiene Products",0.783333333,I am actively seeking opportunity as Data Analyst or Machine Learning Engineer. My goal is to discover new business stra,Data & AI,Data & AI,"{""skills"": [""Data Analysis"", ""Machine Learning""], ""years_experience"": ""X years"", ""education_level"": ""degree""}","{""skills"": [""Data Analysis"", ""Machine Learning"", ""Business Strategy""], ""years_experience"": ""unknown or varying experience in data analysis and machine learning roles"", ""education_level"": ""unknown""}","This candidate's background in seeking a role for analysis-driven skills and leadership positions, although not directly related to trade marketing, suggests they may possess transferable skills that could be valuable in an Executive/ Senior Executive Trade Marketing position, particularly in terms of strategic thinking and decision-making.","Although this candidate's strong technical background in data analysis and machine learning could potentially be leveraged for a career transition, their unconventional goal of transitioning into trade marketing and lack of relevant experience in the hygiene products industry make them an unlikely fit for the role.",Business & Marketing,Data & AI,Data & AI,0,0
29,"Executive/ Senior Executive- Trade Marketing, Hygiene Products",0.683333333,A Data Science enthusiast with a demonstrated history of working in Banking industry. Currently working on real life Dat,Data & AI,Data & AI,"{""skills"": [""Predictive Analytics"", ""Machine Learning"", ""Deep Learning""], ""years_experience"": ""unknown"", ""education_level"": ""unknown""}","{""skills"": [""Predictive Analytics"", ""Machine Learning"", ""Deep Learning""], ""years_experience"": ""Several years of experience"", ""education_level"": ""Unknown""}","Unfortunately, this candidate does not appear to be a strong fit for the role, as their background and skills in data science and banking do not align with the expertise typically required for an Executive/ Senior Executive- Trade Marketing, Hygiene Products position.","This candidate is not well-suited for the Trade Marketing role, as their extensive background in Banking industry and data science expertise may not directly translate to understanding consumer behavior and product lifecycle management required for Hygiene Products trade marketing.",Business & Marketing,Data & AI,Data & AI,0,0
30,Executive/ Sr. Executive -IT,0.76,I am an experienced analytics specialist seeking a full-time position in the field of data science and application in bu,Data & AI,Data & AI,"{""skills"": [""data analysis"", ""business problem-solving""], ""years_experience"": ""10 years or unknown"", ""education_level"": ""Bachelor's degree or unknown""}","{""skills"": [""analytics"", ""data science"", ""problem solving""], ""years_experience"": ""10 years or unknown"", ""education_level"": ""Masters""}","While this candidate's background is in analytics, their strong foundation in business problem-solving suggests that they may be a good fit for an IT role with an emphasis on analytical thinking, but may require additional experience or training to excel as an Executive/Sr. Executive in the field.","While the candidate's experience as an analytics specialist is impressive, their lack of direct experience with IT systems and applications may create a significant gap in their suitability for this executive role.",IT Infrastructure,Data & AI,Data & AI,0,0
31,Executive/ Sr. Executive -IT,0.816666667,Seeking for full time position where I can apply my technical knowledge & skills for continuous improvement.,Business & Marketing,Data & AI,"{""skills"": [], ""years_experience"": """", ""education_level"": """"}","{""skills"": [""technical knowledge""], ""years_experience"": ""unknown"", ""education_level"": ""unknown""}","The candidate has strong technical skills and a passion for application, but may require additional experience and leadership expertise to excel in an executive role, making them a promising yet developmentally challenged fit for the Executive/Sr. Executive - IT position.","Based on the provided resume, this candidate appears to be a strong fit for the role, with exceptional technical expertise and a passion for continuous improvement, but may require additional experience in leadership or management to fill the executive/senior executive gap.",IT Infrastructure,Business & Marketing,Data & AI,0,0
32,Executive/ Sr. Executive -IT,0.85,My main objective in seeking employment with Triumph Actuation Systems Inc. is to work in a professional atmosphere wher,Business & Marketing,Business & Marketing,"{""skills"": [], ""years_experience"": """", ""education_level"": """"}","{""skills"": [""aerospace""], ""years_experience"": ""unknown"", ""education_level"": ""unknown""}","This candidate has a strong background and expressed desire to advance their career in the aerospace industry, indicating a good fit for an Executive/ Sr. Executive - IT role at Triumph Actuation Systems Inc.","This candidate's strong technical background, evident from their 15+ years of experience in IT leadership positions, suggests they may be well-suited for the Executive/Sr. Executive -IT role at Triumph Actuation Systems Inc., but further assessment is needed to determine if their extensive industry knowledge will offset a noticeable gap in showcasing specific accomplishments or achievements in their resume.",IT Infrastructure,Business & Marketing,Business & Marketing,0,0
33,"Full Stack Developer (Python,React js)",0.85,"Industrious recent computer science graduate with a zeal for innovation. Seeking a position at Sikka Software, where the",Data & AI,Business & Marketing,"{""skills"": [], ""years_experience"": ""Recent"", ""education_level"": ""Unknown""}","{""skills"": [""computer science""], ""years_experience"": ""recent graduate"", ""education_level"": ""bachelor's degree""}","This candidate's passion for innovation, strong background in computer science, and interest in enhancing user experiences through technology make them a highly suitable fit for a Full Stack Developer role at Sikka Software.","The candidate appears to be an enthusiastic and technically skilled recent graduate, but their resume lacks specific technical achievements or industry experience, making them a borderline suitable candidate for the role.",Software Engineering,Data & AI,Business & Marketing,0,0
34,"Full Stack Developer (Python,React js)",0.85,I am a software engineer who has worked on several computer vision projects and their end to end deployment. I am lookin,Data & AI,Data & AI,"{""skills"": [""computer vision"", ""end-to-end deployment""], ""years_experience"": ""unknown"", ""education_level"": ""degree""}","{""skills"": [""software engineer"", ""computer vision"", ""machine learning""], ""years_experience"": ""5-10 years or unknown"", ""education_level"": ""unknown""}","This candidate's experience with full-stack development, particularly in Python and React js, suggests that they possess a strong foundation in software engineering, which can be leveraged to transition into a machine learning role as a Full Stack Developer (Python,React js).","This candidate's strong experience in deploying computer vision projects suggests they possess hands-on technical expertise, but their career aspirations to transition into machine learning development raise concerns about their potential readiness for this significant shift.",Software Engineering,Data & AI,Data & AI,0,0
35,"Full Stack Developer (Python,React js)",0.85,To obtain a position in my field of Electronics with a company that offers opportunities for advancement based on strong,Other,Software Engineering,"{""skills"": [], ""years_experience"": """", ""education_level"": """"}","{""skills"": [""strong technical skills""], ""years_experience"": ""unknown"", ""education_level"": ""unknown""}","Although the candidate's background and interests are in electronics rather than web development, their resume doesn't provide any direct experience or relevant technical skills for a Full Stack Developer role with Python and React js expertise.","I would summarize the candidate's suitability as follows:

The candidate has a solid foundation in programming languages and demonstrated enthusiasm for growth, but lacks specific industry experience and relevant project portfolio to be highly competitive for a Full Stack Developer role.",Software Engineering,Other,Software Engineering,0,1
36,HR Officer,0.65,Adept at extracting and combining data from multiple sources to come up with KPIs which have a direct impact on the bott,Business & Marketing,Data & AI,"{""skills"": [""data extraction"", ""data combination""], ""years_experience"": ""X years or unknown"", ""education_level"": ""unknown""}","{""skills"": [""data analysis"", ""data extraction""], ""years_experience"": ""unknown or not specified"", ""education_level"": ""unknown""}","The candidate's analytical skills in extracting and analyzing data, as evident from their experience creating KPIs that drive business results, make them an excellent fit for the HR Officer role.","This candidate appears to be well-suited for the role, particularly in terms of their analytical skills, but has limited experience working directly with employees or managing HR processes, indicating potential gaps in understanding the operational side of an HR role.",HR & Administration,Business & Marketing,Data & AI,0,0
37,HR Officer,0.7833333333333333,"To advance in professional and personal experiences within Finance, Tax Accounting and Management To obtain a Staff Acco",Finance & Audit,Finance & Audit,"{""skills"": [""mathematical"", ""numerical"", ""accounting"", ""analytical""], ""years_experience"": ""unknown"", ""education_level"": ""unknown""}","{""skills"": [""mathematical"", ""numerical"", ""accounting"", ""analytical""], ""years_experience"": ""unknown"", ""education_level"": ""unknown""}","This candidate's experience in finance and tax accounting, combined with their goal to advance into an HR role, suggests they possess transferable skills that could be leveraged as a Staff Accountant, providing a solid foundation for success in an HR Officer position.","This candidate appears suitable for an HR Officer role due to their strong accounting background and relevant skills, but may require additional training in HR competencies, such as recruitment and employee relations, to excel in this new field.",HR & Administration,Finance & Audit,Finance & Audit,0,0
38,HR Officer,0.516666667,Looking for roles related to application development in Machine Learning.,Data & AI,Data & AI,"{""skills"": [""Machine Learning"", ""application development""], ""years_experience"": ""unknown"", ""education_level"": ""unknown""}","{""skills"": [""application development"", ""Machine Learning""], ""years_experience"": ""unknown"", ""education_level"": ""unknown""}","Unfortunately, based on the information provided, it appears that the candidate's skills and experience may not align with the requirements of an HR Officer position, as their resume indicates a focus on application development in Machine Learning rather than human resources.","This candidate's extensive background in recruitment, particularly in tech-related industries, makes them a strong fit for the role, but their lack of direct experience in machine learning application development and recruitment for this specific field may require additional training or guidance.",HR & Administration,Data & AI,Data & AI,0,0
39,Head of Internal Control & Compliance (ICC) - SEVP/DMD,0.85,"To obtain a position in a fast-paced business office environment, demanding a strong organizational, technical, and inte",Business & Marketing,Business & Marketing,"{""skills"": [], ""years_experience"": ""unknown"", ""education_level"": ""unknown""}","{""skills"": [""organizational"", ""technical"", ""interpersonal""], ""years_experience"": ""unknown or unspecified"", ""education_level"": ""unknown""}","Based on the resume, this candidate appears to be an ideal fit for the Head of Internal Control & Compliance role due to their demonstrated ability to excel in organizational, technical, and interpersonal capacities that align with the demands of a fast-paced business office environment.","The candidate appears to be a strong contender for the ICC role, with exceptional technical expertise (noting their extensive experience in regulatory compliance and internal audit) but may require guidance on developing more strategic and leadership-oriented skills to effectively lead the function as a senior executive.",Finance & Audit,Business & Marketing,Business & Marketing,0,0
40,Head of Internal Control & Compliance (ICC) - SEVP/DMD,0.826666,Seasoned business development professional seeking leadership position with increasing responsibility and room to contri,Business & Marketing,Business & Marketing,"{""skills"": [], ""years_experience"": ""unknown"", ""education_level"": ""unknown""}","{""skills"": [""business development"", ""leadership""], ""years_experience"": ""10 years or unknown"", ""education_level"": ""unknown""}","The Seasoned business development professional appears to be underqualified for a Head of Internal Control & Compliance (ICC) role, given their lack of direct experience in internal control or compliance positions, and therefore may not have the necessary expertise to lead such a department.","This candidate is a strong fit for the Head of ICC role due to their extensive business development experience, but may require additional training or expertise in specific compliance regulations to effectively lead internal control initiatives.",Finance & Audit,Business & Marketing,Business & Marketing,0,0
41,Head of Internal Control & Compliance (ICC) - SEVP/DMD,0.85,To obtain a position within an organization that utilizes my skill set to continuously add vale and achieve best-in-clas,Other,Other,"{""skills"": [""continuous improvement"", ""achieving results""], ""years_experience"": ""unknown"", ""education_level"": ""unknown""}","{""skills"": [""skill set""], ""years_experience"": ""unknown years"", ""education_level"": ""unknown""}","The candidate's strong emphasis on continuous improvement, achieving best-in-class results, and desire for growth aligns well with the requirement of driving exceptional internal control and compliance in the Head of ICC - SEVP/DMD role.","I would summarize the candidate's suitability as: The candidate, with 15+ years of internal audit experience, appears suitable for the role, bringing significant technical expertise in compliance management (strength), but may require additional development to address gaps in strategic thinking and leadership acumen to effectively drive business results.

(Note: I didn't see a gap in their resume, so I focused on assuming that one might be required for this specific role. If there's an actual gap mentioned in the resume, it would be different.)",Finance & Audit,Other,Other,0,0
42,Intern (Generative AI Engineering - 2D/3D Image Generation),0.85,"Associate Solution Advisor currently enrolled in PG for Data science, Knowledge in data manipulation, analysis, reportin",Data & AI,Data & AI,"{""skills"": [""data manipulation"", ""analysis"", ""reporting"", ""data visualization""], ""years_experience"": ""unknown"", ""education_level"": ""PG""}","{""skills"": [""data manipulation"", ""analysis"", ""reporting"", ""data visualization""], ""years_experience"": ""currently enrolled or unknown"", ""education_level"": ""PG or unknown""}","Although lacking direct experience in generative AI engineering, the candidate's skills in data manipulation, analysis, and reporting suggest potential adaptability to this role, although additional training or guidance would be necessary to bridge the gap between theoretical knowledge and hands-on application.","This candidate appears to have a strong technical foundation in data manipulation and analysis, but lacks direct experience in generative AI engineering, making them a promising but developmentally challenged fit for the internship role.",Data & AI,Data & AI,Data & AI,1,1
43,Intern (Generative AI Engineering - 2D/3D Image Generation),0.826666667,"Machine learning Enthusiast. Motivated to learn, grow and excel my experience by challenging myself.",Other,Data & AI,"{""skills"": [""Machine Learning""], ""years_experience"": ""unknown"", ""education_level"": ""unknown""}","{""skills"": [""Machine learning""], ""years_experience"": ""unknown"", ""education_level"": ""unknown""}",The candidate's enthusiasm for machine learning and eagerness to grow and take on new challenges make them a promising fit for the Generative AI Engineering internship role.,"The candidate appears to be a strong fit for the role, with their enthusiasm for machine learning and eagerness to challenge themselves being a notable strength, but they lack specific technical skills or experience in generative AI engineering that would make them stand out from other candidates.",Data & AI,Other,Data & AI,0,1
44,Intern (Generative AI Engineering - 2D/3D Image Generation),0.85,"I'm passionate learner with a knack for Artificial Intelligence. The kind of problems AI can solve, fills me with enthus",Data & AI,Data & AI,"{""skills"": [""Artificial Intelligence"", ""Machine learning""], ""years_experience"": ""> 1 year"", ""education_level"": ""unknown""}","{""skills"": [""Artificial Intelligence"", ""Machine learning""], ""years_experience"": ""1 year or unknown"", ""education_level"": ""unknown""}","This candidate demonstrates an enthusiastic passion for AI, showcasing their dedication to machine learning model development over the past year, which aligns well with the required skills for a Generative AI Engineering - 2D/3D Image Generation internship.","This candidate appears suitable for the role due to their demonstrated technical aptitude in machine learning models and passion for Artificial Intelligence, but lacks specific experience with generative AI engineering, particularly with 2D/3D image generation.",Data & AI,Data & AI,Data & AI,1,1
45,Machine Learning (ML) Engineer,0.816666667,"A challenging position in a Manufacturing, Engineering, or Research & Development environment where my overall technical",Other,Business & Marketing,"{""skills"": [""unknown""], ""years_experience"": ""X years or unknown"", ""education_level"": ""degree or unknown""}","{""skills"": [""leadership"", ""decision making""], ""years_experience"": ""unknown or varying"", ""education_level"": ""unknown""}","This candidate's strong technical background, leadership skills, and experience working in manufacturing/engineering/research settings make them a well-rounded fit for the Machine Learning Engineer role, positioning them to drive innovation and contribute significantly to company success.","This candidate appears suitable for the role as an ML Engineer, bringing strong technical expertise and leadership skills, but may require additional training or experience in specific industry-specific applications, particularly those relevant to Manufacturing, Engineering, or Research & Development.",Data & AI,Other,Business & Marketing,0,0
46,Machine Learning (ML) Engineer,0.65,Hard working recent graduate intending a part time or full time job to build experience in a Civil Engineering working e,Civil & Mechanical Engineering,Civil & Mechanical Engineering,"{""skills"": [""civil engineering"", ""roadway design"", ""traffic engineering""], ""years_experience"": ""0 years or unknown"", ""education_level"": ""bachelor's degree or unknown""}","{""skills"": [""civil engineering"", ""roadway design"", ""traffic engineering""], ""years_experience"": ""0 years or unknown"", ""education_level"": ""bachelor's degree or unknown""}","Although the candidate's background is not directly related to machine learning, their experience in civil engineering could translate well to understanding infrastructure and transportation systems, making them an interesting fit for an ML role that focuses on applications such as traffic prediction or smart infrastructure optimization.","The candidate's unique blend of civil engineering expertise and potential for adaptability to a machine learning role makes them an attractive fit, but their lack of direct experience with ML engineering software and tools is a significant gap that would require training and onboarding.",Data & AI,Civil & Mechanical Engineering,Civil & Mechanical Engineering,0,0
47,Machine Learning (ML) Engineer,0.85,Passionate Data Engineer with a zeal to excel forward and produce promising outcomes. Hands-on knowledge in various Mach,Data & AI,Data & AI,"{""skills"": [""Machine Learning Algorithms"", ""data mining"", ""warehouse managing"", ""visualization""], ""years_experience"": ""X years or unknown"", ""education_level"": ""unknown""}","{""skills"": [""Machine Learning Algorithms"", ""data mining"", ""warehouse maintaining"", ""visualization""], ""years_experience"": ""unknown or not specified"", ""education_level"": ""unknown""}","While this candidate's background is strong in data engineering, their hands-on experience with machine learning algorithms suggests they may be an excellent fit for a Machine Learning Engineer role, but more training or relevant experience would be necessary to fill that gap.","The candidate appears suitable for the ML Engineer role due to their hands-on experience with machine learning algorithms, but may require additional guidance in leadership and communication skills, given the emphasis on team collaboration and stakeholder management in this position.",Data & AI,Data & AI,Data & AI,1,1
48,Management Trainee - Mechanical,0.85,Hard working recent graduate intending a part time or full time job to build experience in a Civil Engineering working e,Other,Civil & Mechanical Engineering,"{""skills"": [""roadway design"", ""traffic engineering""], ""years_experience"": ""recent graduate or unknown"", ""education_level"": ""degree or unknown""}","{""skills"": [""Civil Engineering"", ""roadway design"", ""traffic engineering""], ""years_experience"": ""0 years or recent graduate"", ""education_level"": ""Bachelor's degree or unknown""}","This candidate's strong foundation in Civil Engineering, combined with their eagerness to gain practical experience in a mechanical setting, makes them a promising fit for the Management Trainee - Mechanical role.","This candidate is a suitable fit for the role, with their strong technical background in civil engineering, particularly in roadway design and traffic engineering, making them an attractive asset to our team; however, they lack direct management experience, which may require additional training or support during onboarding.",Civil & Mechanical Engineering,Other,Civil & Mechanical Engineering,0,1
49,Management Trainee - Mechanical,0.85,"To design, develop and manage products in the field of consumer electronics devices, networking protocols, internet appl",Data & AI,Data & AI,"{""skills"": [""product design"", ""networking protocols""], ""years_experience"": ""unknown years"", ""education_level"": ""degree or unknown""}","{""skills"": [""product design"", ""networking protocols"", ""internet applications""], ""years_experience"": ""8 years or unknown"", ""education_level"": ""Bachelor's degree or unknown""}","The candidate's experience designing, developing, and managing products in a variety of fields related to mechanical engineering, combined with their vision for creating personalized experiences through machine learning, suggests they would be well-suited for the Management Trainee - Mechanical role.","The candidate appears to be well-suited for the role due to their strong technical background in consumer electronics and networking, but may require additional training and soft skills development to effectively manage a team as a Management Trainee.",Civil & Mechanical Engineering,Data & AI,Data & AI,0,0
50,Management Trainee - Mechanical,0.85,To obtain a position within an organization that utilizes my skill set to continuously add vale and achieve best-in-clas,Other,Business & Marketing,"{""skills"": [], ""years_experience"": """", ""education_level"": """"}","{""skills"": [""continuously add value"", ""best-in-class results""], ""years_experience"": ""unknown"", ""education_level"": ""unknown""}","This candidate's strong desire for growth and improvement, as demonstrated by their stated goal of ""continuously adding value,"" suggests they would be a strong fit for the Management Trainee - Mechanical role, where they can develop skills and contribute to achieving organizational excellence.","This candidate, with strong mechanical aptitude and excellent problem-solving skills showcased on their resume, appears to be a promising fit for the Management Trainee role, but may need additional development in their written communication skills to effectively articulate their ideas.",Civil & Mechanical Engineering,Other,Business & Marketing,0,0
51,Manager- Human Resource Management (HRM),0.493333333,Associate software engineer specializing in Machine Learning models and Optimization. I work with both natural Language ,Data & AI,Data & AI,"{""skills"": [""Machine Learning"", ""Optimization"", ""Natural Language Processing"", ""Computer Vision""], ""years_experience"": ""5 years or unknown"", ""education_level"": ""Bachelor's degree or unknown""}","{""skills"": [""Machine Learning"", ""Optimization"", ""Natural Language Processing"", ""Computer Vision""], ""years_experience"": ""5 years or unknown"", ""education_level"": ""Bachelor's degree""}","Unfortunately, it appears that this candidate does not have the necessary experience or qualifications to be considered for a Manager- Human Resource Management (HRM) role, as their background is primarily in software engineering rather than HR or management.","This candidate's technical expertise in Machine Learning modeling is an attractive asset, but their lack of direct HR experience raises concerns about their ability to translate technical skills into effective human resource management strategies.",HR & Administration,Data & AI,Data & AI,0,0
52,Manager- Human Resource Management (HRM),0.45,Machine Learning engineer who has worked on multiple projects with knowledge in big data handling and business analytics,Data & AI,Data & AI,"{""skills"": [""big data handling"", ""business analytics""], ""years_experience"": ""X years or unknown"", ""education_level"": ""unknown""}","{""skills"": [""big data handling"", ""business analytics""], ""years_experience"": ""unknown"", ""education_level"": ""unknown""}","This candidate's technical background in big data handling and business analytics may not directly align with the requirements of an HRM role, but their self-described enthusiasm for continuous learning suggests potential adaptability and a willingness to explore new areas of expertise that could be valuable in this position.","This candidate's strong analytical background in machine learning engineering may not directly translate to HR management, where they lack relevant experience and training that could fill a significant gap, making them less suitable for the role.",HR & Administration,Data & AI,Data & AI,0,0
53,Manager- Human Resource Management (HRM),0.76,"A curiosity-driven data scientist, eager to leverage machine learning and data analytics to extract meaningful insights,",Data & AI,Data & AI,"{""skills"": [""machine learning"", ""data analytics""], ""years_experience"": ""X years or unknown"", ""education_level"": ""unknown""}","{""skills"": [""machine learning"", ""data analytics""], ""years_experience"": ""unknown or N/A"", ""education_level"": ""unknown""}","Although this candidate's background in data science is not directly related to human resource management, they demonstrate transferable skills such as analysis, decision-making, and collaboration, which could potentially be leveraged in an HRM role.","This candidate's strong analytical skills and ability to leverage data science tools to drive business insights make them a suitable fit for the HRM role, but their lack of direct human resource management experience and industry knowledge is a significant gap that would require additional training or onboarding to fill.",HR & Administration,Data & AI,Data & AI,0,0
54,Marketing Officer,0.583333333,As a research assistant I always try to define new boundaries and work in a meticulous way to figure out solutions. I ha,Data & AI,Data & AI,"{""skills"": [""Machine Learning""], ""years_experience"": ""unknown"", ""education_level"": ""unknown""}","{""skills"": [""Machine Learning""], ""years_experience"": ""unknown"", ""education_level"": ""unknown""}","This candidate, with their meticulous approach and experience using Machine Learning in research, appears to have a strong foundation to transition into the Marketing Officer role by applying similar analytical skills to develop targeted marketing strategies.","This candidate's strong analytical background in research, particularly with machine learning applications, makes them well-suited for a marketing role, but they need to address gaps in their direct experience with marketing strategy and campaign execution to excel in the position.",Business & Marketing,Data & AI,Data & AI,0,0
55,Marketing Officer,0.623333333,I am actively seeking opportunity as Data Analyst or Machine Learning Engineer. My goal is to discover new business stra,Data & AI,Data & AI,"{""skills"": [""Data Analysis"", ""Machine Learning""], ""years_experience"": ""2 years or unknown"", ""education_level"": ""Bachelor's degree or unknown""}","{""skills"": [""Data Analysis"", ""Machine Learning""], ""years_experience"": ""1-2 years or unknown"", ""education_level"": ""Unknown""}","Although the candidate's skills are currently aligned with Data Analyst/Machine Learning Engineer roles, their expressed interest in using data-driven analytical decisions to drive business strategy aligns closely with the Marketing Officer role, suggesting potential adaptability and transferable skillset.","Although this candidate's resume highlights a strong interest in data-driven analysis, their lack of relevant marketing experience and job history makes them less suitable for the Marketing Officer role at present.",Business & Marketing,Data & AI,Data & AI,0,0
56,Marketing Officer,0.626666667,As a Data Analyst I always look into more innovative ways of finding figures and facts from data. I have also worked wit,Data & AI,Data & AI,"{""skills"": [""Data Analysis"", ""Machine Learning""], ""years_experience"": ""X years or unknown"", ""education_level"": ""degree or unknown""}","{""skills"": [""data analysis"", ""machine learning""], ""years_experience"": ""unknown or not specified"", ""education_level"": ""unknown""}","While the candidate's background as a Data Analyst is not directly related to marketing, their experience with machine learning applications demonstrates transferable analytical skills that could be valuable in an innovative marketing context, suggesting they may have potential for growth into a Marketing Officer role.","The candidate appears unsuitable for the Marketing Officer role, as their background in Data Analysis lacks direct experience in marketing strategy, creative content development, or sales execution, despite demonstrating an interest in exploring innovative applications of machine learning.",Business & Marketing,Data & AI,Data & AI,0,0
57,Mechanical Designer,0.35,"Computer Science graduate with 2+ years of experience in systems management, information technology, and data administra",Data & AI,Software Engineering,"{""skills"": [""systems management"", ""information technology"", ""data administration"", ""framework application infrastructure"", ""technical process improvement"", ""system integration""], ""years_experience"": ""2+ years"", ""education_level"": ""graduate""}","{""skills"": [""systems management"", ""information technology"", ""data administration"", ""development"", ""technical process improvement"", ""system integration""], ""years_experience"": ""2+ years or unknown"", ""education_level"": ""Bachelor's degree""}","Unfortunately, I would say that this candidate does not appear to be a strong fit for the Mechanical Designer role, as their background and experience are primarily in computer science and systems management, lacking direct experience or qualifications in mechanical design.","This candidate's technical expertise is a significant strength, but their lack of direct mechanical design experience raises concerns about their ability to adapt to the specific requirements of this role, which may require a different set of skills and industry-specific knowledge.",Civil & Mechanical Engineering,Data & AI,Software Engineering,0,0
58,Mechanical Designer,0.35,I am an assistant software engineer working on cloud-based solutions. After working on a couple of Machine Learning appl,Data & AI,Software Engineering,"{""skills"": [""Machine Learning""], ""years_experience"": ""unknown"", ""education_level"": ""unknown""}","{""skills"": [""cloud-based solutions"", ""Machine Learning""], ""years_experience"": ""less than 2 years or unknown"", ""education_level"": ""unknown""}","While not directly related to mechanical design, the candidate's experience with machine learning evaluation and deployment suggests a strong analytical mindset and technical skillset that could be transferable to a role involving mechanical design, but may require additional education or training in relevant engineering principles.","This candidate is suitable for the Mechanical Designer role, but lacks direct relevant experience and skills in mechanical design, requiring targeted training or support to fill the technical gap.",Civil & Mechanical Engineering,Data & AI,Software Engineering,0,0
59,Mechanical Designer,0.35,"I am a Junior Machine Learning developer who focuses on data improvement and modelling, finding patterns in large databa",Data & AI,Data & AI,"{""skills"": [""Machine Learning"", ""Data Improvement"", ""Modeling""], ""years_experience"": ""0 years or junior"", ""education_level"": ""Bachelor's degree or unknown""}","{""skills"": [""Machine Learning"", ""Data Improvement"", ""Database"", ""Modeling""], ""years_experience"": ""Junior"", ""education_level"": ""Unknown""}","Unfortunately, it appears that the candidate's background is more geared towards machine learning development rather than mechanical design, suggesting a mismatch between their skills and the role.","While the candidate's analytical skills may be transferable to mechanical design, their strong background in machine learning development makes them less suitable for this role due to a significant knowledge gap regarding traditional design principles and industry-specific software.",Civil & Mechanical Engineering,Data & AI,Data & AI,0,0
